Name,Device Types,Module Types,Inventory Items,Platforms,Description,Slug,ID,Tags,Contacts,Created,Last updated
3Com,0,0,0,0,,3com,1,,,2023-02-03 10:45,2023-02-03 10:45
A10,0,0,0,0,,a10,2,,,2023-02-03 10:45,2023-02-03 10:45
ADVA,0,0,0,0,,adva,5,,,2023-02-03 10:45,2023-02-03 10:45
APC,1,0,0,0,,apc,9,,,2023-02-03 10:45,2023-02-03 10:45
AVM,0,0,0,0,,avm,13,,,2023-02-03 10:45,2023-02-03 10:45
ActionTec,0,0,0,0,,actiontec,3,,,2023-02-03 10:45,2023-02-03 10:45
Adtran,0,0,0,0,,adtran,4,,,2023-02-03 10:45,2023-02-03 10:45
Alcatel-Lucent,0,0,0,0,,alcatel-lucent,6,,,2023-02-03 10:45,2023-02-03 10:45
Allied,0,0,0,0,,allied,7,,,2023-02-03 10:45,2023-02-03 10:45
Alpha,0,0,0,0,,alpha,8,,,2023-02-03 10:45,2023-02-03 10:45
Apple,0,0,0,0,,apple,10,,,2023-02-03 10:45,2023-02-03 10:45
Arista,0,0,0,0,,arista,11,,,2023-02-03 10:45,2023-02-03 10:45
Aruba,0,0,0,0,,aruba,12,,,2023-02-03 10:45,2023-02-03 10:45
Avocent,0,0,0,0,,avocent,14,,,2023-02-03 10:45,2023-02-03 10:45
Broadcom,0,0,0,0,,broadcom,103,,,2023-02-04 06:31,2023-02-04 06:31
Brocade,0,0,0,0,,brocade,15,,,2023-02-03 10:45,2023-02-03 10:45
Calix,0,0,0,0,,calix,16,,,2023-02-03 10:45,2023-02-03 10:45
Canon,0,0,0,0,,canon,17,,,2023-02-03 10:45,2023-02-03 10:45
Check,0,0,0,0,,check,18,,,2023-02-03 10:45,2023-02-03 10:45
Ciena,0,0,0,0,,ciena,19,,,2023-02-03 10:45,2023-02-03 10:45
Cisco,9,9,0,0,,cisco,20,,,2023-02-03 10:45,2023-02-03 10:45
Citrix,0,0,0,0,,citrix,21,,,2023-02-03 10:45,2023-02-03 10:45
Colable,0,0,0,0,,colable,22,,,2023-02-03 10:45,2023-02-03 10:45
Concurrent Technologies,1,0,0,0,,concurrent-technologies,111,,,2023-02-06 05:11,2023-02-06 05:11
Corning,0,0,0,0,,corning,23,,,2023-02-03 10:45,2023-02-03 10:45
CryptoPro,0,0,0,0,,cryptopro,24,,,2023-02-03 10:45,2023-02-03 10:45
CyberPower,0,0,0,0,,cyberpower,25,,,2023-02-03 10:45,2023-02-03 10:45
D-link,0,0,0,0,,d-link,32,,,2023-02-03 10:45,2023-02-03 10:45
Datacom,0,0,0,0,,datacom,26,,,2023-02-03 10:45,2023-02-03 10:45
Deciso,0,0,0,0,,deciso,27,,,2023-02-03 10:45,2023-02-03 10:45
Dell,10,1,0,0,,dell,28,,,2023-02-03 10:45,2023-02-03 10:45
Delta,0,0,0,0,,delta,29,,,2023-02-03 10:45,2023-02-03 10:45
Digi,0,0,0,0,,digi,30,,,2023-02-03 10:45,2023-02-03 10:45
Digital,0,0,0,0,,digital,31,,,2023-02-03 10:45,2023-02-03 10:45
Eaton,0,0,0,0,,eaton,33,,,2023-02-03 10:45,2023-02-03 10:45
Edgecore,0,0,0,0,,edgecore,34,,,2023-02-03 10:45,2023-02-03 10:45
Eltex,0,0,0,0,,eltex,35,,,2023-02-03 10:45,2023-02-03 10:45
Ericsson,0,0,0,0,,ericsson,36,,,2023-02-03 10:45,2023-02-03 10:45
Extreme,0,0,0,0,,extreme,37,,,2023-02-03 10:45,2023-02-03 10:45
F5,0,0,0,0,,f5,38,,,2023-02-03 10:45,2023-02-03 10:45
FS,0,0,0,0,,fs,41,,,2023-02-03 10:45,2023-02-03 10:45
Factor-TS,0,0,0,0,,factor-ts,39,,,2023-02-03 10:45,2023-02-03 10:45
Fortinet,4,0,0,0,,fortinet,40,,,2023-02-03 10:45,2023-02-03 10:45
Fujitsu,0,0,0,0,,fujitsu,42,,,2023-02-03 10:45,2023-02-03 10:45
GDSYS,0,0,0,0,,gdsys,108,,,2023-02-05 04:08,2023-02-05 04:08
Generic,0,0,0,0,,generic,43,,,2023-02-03 10:45,2023-02-03 10:45
HPE,3,0,0,0,,hpe,45,,,2023-02-03 10:45,2023-02-03 10:45
HPI,4,0,0,0,,hpi,104,,,2023-02-04 07:29,2023-02-04 07:29
HellermannTyton,1,0,0,0,,hellermanntyton,106,,,2023-02-04 09:50,2023-02-04 09:50
Huawei,0,0,0,0,,huawei,46,,,2023-02-03 10:45,2023-02-03 10:45
IBM,0,0,0,0,,ibm,47,,,2023-02-03 10:45,2023-02-03 10:45
Infinera,0,0,0,0,,infinera,48,,,2023-02-03 10:45,2023-02-03 10:45
Infoblox,0,0,0,0,,infoblox,49,,,2023-02-03 10:45,2023-02-03 10:45
Infotecs,0,0,0,0,,infotecs,50,,,2023-02-03 10:45,2023-02-03 10:45
Intel,1,4,0,0,,intel,102,,,2023-02-04 06:31,2023-02-04 06:31
Juniper,3,0,0,0,,juniper,51,,,2023-02-03 10:45,2023-02-03 10:45
Krone,1,0,0,0,,krone,105,,,2023-02-04 09:41,2023-02-04 09:41
LANCOM,0,0,0,0,,lancom,52,,,2023-02-03 10:45,2023-02-03 10:45
Lenovo,0,0,0,0,,lenovo,53,,,2023-02-03 10:45,2023-02-03 10:45
Leviton,0,0,0,0,,leviton,54,,,2023-02-03 10:45,2023-02-03 10:45
MFB,0,0,0,0,,mfb,101,,,2023-02-03 11:05,2023-02-03 11:05
Mellanox,0,0,0,0,,mellanox,55,,,2023-02-03 10:45,2023-02-03 10:45
MikroTik,0,0,0,0,,mikrotik,56,,,2023-02-03 10:45,2023-02-03 10:45
Mimosa,0,0,0,0,,mimosa,57,,,2023-02-03 10:45,2023-02-03 10:45
NEC,0,0,0,0,,nec,58,,,2023-02-03 10:45,2023-02-03 10:45
NetApp,0,0,0,0,,netapp,60,,,2023-02-03 10:45,2023-02-03 10:45
Netgate,0,0,0,0,,netgate,61,,,2023-02-03 10:45,2023-02-03 10:45
Netgear,1,0,0,0,,netgear,62,,,2023-02-03 10:45,2023-02-03 10:45
Netonix,0,0,0,0,,netonix,63,,,2023-02-03 10:45,2023-02-03 10:45
Nokia,1,0,0,0,,nokia,64,,,2023-02-03 10:45,2023-02-03 10:45
Nvidia,0,1,0,0,,nvidia,65,,,2023-02-03 10:45,2023-02-03 10:45
Opengear,0,0,0,0,,opengear,66,,,2023-02-03 10:45,2023-02-03 10:45
PC,0,0,0,0,,pc,70,,,2023-02-03 10:45,2023-02-03 10:45
Palo,0,0,0,0,,palo,67,,,2023-02-03 10:45,2023-02-03 10:45
Panduit,4,2,0,0,,panduit,68,,,2023-02-03 10:45,2023-02-03 10:45
Parks,0,0,0,0,,parks,69,,,2023-02-03 10:45,2023-02-03 10:45
Pelican,0,0,0,0,,pelican,100,,,2023-02-03 11:05,2023-02-03 11:05
Peplink,0,0,0,0,,peplink,71,,,2023-02-03 10:45,2023-02-03 10:45
PureStorage,1,0,0,0,,purestorage,109,,,2023-02-05 04:46,2023-02-05 04:46
QCT,0,0,0,0,,qct,72,,,2023-02-03 10:45,2023-02-03 10:45
QNAP,0,0,0,0,,qnap,73,,,2023-02-03 10:45,2023-02-03 10:45
Qotom,0,0,0,0,,qotom,74,,,2023-02-03 10:45,2023-02-03 10:45
RAD,0,0,0,0,,rad,75,,,2023-02-03 10:45,2023-02-03 10:45
Raritan,0,0,0,0,,raritan,76,,,2023-02-03 10:45,2023-02-03 10:45
Raspberry,0,0,0,0,,raspberry,77,,,2023-02-03 10:45,2023-02-03 10:45
Riverbed,0,0,0,0,,riverbed,78,,,2023-02-03 10:45,2023-02-03 10:45
Rockwell,0,0,0,0,,rockwell,79,,,2023-02-03 10:45,2023-02-03 10:45
Rohde,0,0,0,0,,rohde,80,,,2023-02-03 10:45,2023-02-03 10:45
Ruckus,0,0,0,0,,ruckus,81,,,2023-02-03 10:45,2023-02-03 10:45
SNR,0,0,0,0,,snr,82,,,2023-02-03 10:45,2023-02-03 10:45
Solid,0,0,0,0,,solid,83,,,2023-02-03 10:45,2023-02-03 10:45
SonicWall,0,0,0,0,,sonicwall,84,,,2023-02-03 10:45,2023-02-03 10:45
Sophos,0,0,0,0,,sophos,85,,,2023-02-03 10:45,2023-02-03 10:45
SunSystems,1,0,0,0,,sunsystems,107,,,2023-02-05 03:52,2023-02-05 03:52
Supermicro,0,0,0,0,,supermicro,86,,,2023-02-03 10:45,2023-02-03 10:45
Synology,1,0,0,0,,synology,87,,,2023-02-03 10:45,2023-02-03 10:45
TP-Link,1,0,0,0,,tp-link,89,,,2023-02-03 10:45,2023-02-03 10:45
Testing,0,0,0,0,,testing,88,,,2023-02-03 10:45,2023-02-03 10:45
TrendNet,0,0,0,0,,trendnet,90,,,2023-02-03 10:45,2023-02-03 10:45
TrippLite,0,0,0,0,,tripplite,91,,,2023-02-03 10:45,2023-02-03 10:45
Ubiquiti,0,0,0,0,,ubiquiti,92,,,2023-02-03 10:45,2023-02-03 10:45
V-Solution,0,0,0,0,,v-solution,94,,,2023-02-03 10:45,2023-02-03 10:45
Vertiv,1,0,0,0,,vertiv,93,,,2023-02-03 10:45,2023-02-03 10:45
WTI,0,0,0,0,,wti,95,,,2023-02-03 10:45,2023-02-03 10:45
YAMAHA,0,0,0,0,,yamaha,96,,,2023-02-03 10:45,2023-02-03 10:45
Yealink,1,0,0,0,,yealink,110,,,2023-02-05 23:48,2023-02-05 23:48
ZPE,0,0,0,0,,zpe,97,,,2023-02-03 10:45,2023-02-03 10:45
ZTE,0,0,0,0,,zte,98,,,2023-02-03 10:45,2023-02-03 10:45
Zyxel,0,0,0,0,,zyxel,99,,,2023-02-03 10:45,2023-02-03 10:45
ghipsystems,0,0,0,0,,ghipsystems,44,,,2023-02-03 10:45,2023-02-03 10:45
neousys,0,0,0,0,,neousys,59,,,2023-02-03 10:45,2023-02-03 10:45
